code,name,ability,imageUrl,deckId,kind,bgg_search
D085,책 읽어주는 사람,"- (이 카드를 포함해서) 당신 앞에 놓여있는 직업 카드가 6장 이상이 되면, 이 카드는 가족 구성원 1명을 위한 방을 제공합니다.  _드래프트 선택 규칙을 사용 중이면, 직업 카드가 7장 이상이 되어야 합니다. _",,d,occupations,https://boardgamegeek.com/geeksearch.php?action=search&objecttype=boardgameaccessory&q=agricola+Reader
D086,양 중개상,"이미 위에 가축을 키울 수 있는 카드를 제외하고, (이 카드를 포함해서) 자기 앞에 놓여있는 직업 카드 위에서 <SHEEP> 1마리씩을 키울 수 있습니다.",,d,occupations,https://boardgamegeek.com/geeksearch.php?action=search&objecttype=boardgameaccessory&q=agricola+Sheep+Agent
D087,건축가,"게임 중 1번, 집에 방이 5개 이상 있을 때 아무 때나, 방 1개를 비용을 내지 않고 만들 수 있습니다.",,d,occupations,https://boardgamegeek.com/geeksearch.php?action=search&objecttype=boardgameaccessory&q=agricola+Master+Builder
D088,풍차 장인,"즉시 <GRAIN> 1개를 가져옵니다. 울타리나 외양간을 짓거나, 방을 만들거나, 집을 고칠 때마다,  아무 종류의 건축 자원을 최대 2개까지 각각 <GRAIN> 1개씩으로 대체할 수 있습니다.",,d,occupations,https://boardgamegeek.com/geeksearch.php?action=search&objecttype=boardgameaccessory&q=agricola+Millwright
D089,외양간 일꾼,"울타리를 1개라도 칠 때마다, 외양간 1개를 <WOOD>를 내지 않고 지을 수 있습니다.",,d,occupations,https://boardgamegeek.com/geeksearch.php?action=search&objecttype=boardgameaccessory&q=agricola+Stablehand
D090,쟁기 제작자,"농지 나  밭 농사  행동 칸을 이용할 때, <FOOD> 1개로 밭 1개를 더 일굴 수 있습니다.",,d,occupations,https://boardgamegeek.com/geeksearch.php?action=search&objecttype=boardgameaccessory&q=agricola+Plow+Maker
D091,쟁기꾼,"현재 라운드에 4, 7, 10을 더한 라운드 칸에 밭 타일 1개씩을 놓습니다. 해당 라운드가 시작될 때마다 <FOOD> 1개를 내고 이 밭을 일굴 수 있습니다.",,d,occupations,https://boardgamegeek.com/geeksearch.php?action=search&objecttype=boardgameaccessory&q=agricola+Plowman
D092,아동 감찰관,"5라운드부터, 집에 빈 방이 있다면, 가족 말을 놓아 행동을 완료할 때, <SCORE> -2점을 받고 해당 가족 말로  가족 늘리기  행동을 할 수 있습니다.",,d,occupations,https://boardgamegeek.com/geeksearch.php?action=search&objecttype=boardgameaccessory&q=agricola+Child+Ombudsman
D093,양 감독관,"일하기 단계마다 1번, 가족 말을 놓아 행동한 뒤, <SHEEP> 1마리와 <FOOD> 2개를 내고  회합 장소  이외의 칸에 있는 다른 가족 말을 집으로 되돌릴 수 있습니다.",,d,occupations,https://boardgamegeek.com/geeksearch.php?action=search&objecttype=boardgameaccessory&q=agricola+Sheep+Inspector
D094,공처가,"두 번째 가족 말을 놓아  방 만들기  행동을 이용할 때마다, 첫 번째로 놓았던 가족 말이  회합 장소  이외의 칸에 있다면 집으로 되돌립니다.",,d,occupations,https://boardgamegeek.com/geeksearch.php?action=search&objecttype=boardgameaccessory&q=agricola+Henpecked+Husband
D095,작업장 관리자,"이 카드를 놓을 때, 즉시 주요 설비 1개를 짓습니다. 이 주요 설비의 비용을 낼 때, 건축 자원을 종류마다 1개씩 <FOOD>으로 대신 낼 수 있습니다.",,d,occupations,https://boardgamegeek.com/geeksearch.php?action=search&objecttype=boardgameaccessory&q=agricola+Site+Manager
D096,가구상,"갱신: 이 카드를 내려놓으면 즉시 <WOOD> 2개를 가져옵니다. 방을 1개 이상 만들 때마다, 만든 방의 수만큼 설비를 각각 <WOOD> 1개씩을 적게 내고 짓거나 내려놓을 수 있습니다.",,d,occupations,https://boardgamegeek.com/geeksearch.php?action=search&objecttype=boardgameaccessory&q=agricola+Furnisher
D097,구걸하는 학생,이 카드를 내려놓으면 <BEGGING> 토큰 1개를 가져옵니다. 수확을 시작할 때 비용을 내지 않고 직업 1개를 내려놓을 수 있습니다.,,d,occupations,https://boardgamegeek.com/geeksearch.php?action=search&objecttype=boardgameaccessory&q=agricola+Begging+Student
D098,거래자,14라운드의 마지막 수확 직전에 게임판에 남은 모든 건축 자원을 가져올 수 있습니다.,,d,occupations,https://boardgamegeek.com/geeksearch.php?action=search&objecttype=boardgameaccessory&q=agricola+Transactor
D099,토기 그릇 제작자,"4라운드 내에 이 카드를 내려놓았다면, 마지막 수확을 마친 뒤 가족 구성원 수까지 <CLAY>을 내고 그 수만큼 추가 <SCORE>를 받을 수 있습니다.",,d,occupations,https://boardgamegeek.com/geeksearch.php?action=search&objecttype=boardgameaccessory&q=agricola+Earthenware+Potter
D100,영주,"점수를 계산할 때, 최대 점수인 4점을 얻은 분야마다 추가 <SCORE> 1점을 받습니다. (울타리 친 외양간 4개에도 이 점수를 받습니다)",,d,occupations,https://boardgamegeek.com/geeksearch.php?action=search&objecttype=boardgameaccessory&q=agricola+Lord+of+the+Manor
D101,설탕 제조업자,"곡식 활용  행동 칸을 이용한 뒤, <FOOD> 1개를 내고 추가 <SCORE> 1점을 받을 수 있습니다. 낸 <FOOD>는 곡식 활용 행동 칸에 놓습니다.",,d,occupations,https://boardgamegeek.com/geeksearch.php?action=search&objecttype=boardgameaccessory&q=agricola+Sugar+Baker
D102,외양간 견본 제작자,"집에 돌아오기 단계를 시작할 때마다, 이미 지어진 외양간 1개를 개인 창고로 되돌릴 수 있습니다. 그렇게 한다면, <WOOD> 1개, <GRAIN> 1개, <FOOD> 1개를 가져오고  보조 설비  행동을 합니다.",,d,occupations,https://boardgamegeek.com/geeksearch.php?action=search&objecttype=boardgameaccessory&q=agricola+Sample+Stable+Maker
D103,운하 뱃사공,"낚시 나  갈대밭  칸을 이용할 때, <FOOD> 1개를 내고 즉시 다른 가족 구성원을 이 카드에 놓을 수 있습니다. 이 경우 <STONE> 3개 또는 <GRAIN> 1개와 <VEGETABLE> 1개 중 하나를 골라 가져옵니다.",,d,occupations,https://boardgamegeek.com/geeksearch.php?action=search&objecttype=boardgameaccessory&q=agricola+Canal+Boatman
D104,경작자,"이 카드 위에 <WOOD>, <CLAY>, <REED>, <STONE>, <REED>, <CLAY>, <WOOD>을 순서대로 쌓습니다. 밭 타일에서 수확할 때마다, 맨 위에 있는 물건 1개를 가져올 수 있습니다.",,d,occupations,https://boardgamegeek.com/geeksearch.php?action=search&objecttype=boardgameaccessory&q=agricola+Cultivator
D105,조각가,"흙 누적 칸을 이용할 때마다, <FOOD> 1개를 추가로 가져옵니다. 돌 누적 칸을 이용할 때마다, <GRAIN> 1개를 추가로 가져옵니다.",,d,occupations,https://boardgamegeek.com/geeksearch.php?action=search&objecttype=boardgameaccessory&q=agricola+Sculptor
D106,위스키 제조업자,"아무 때나, <GRAIN> 1개를 내고 현재 라운드에 2를 더한 라운드 칸에 <FOOD> 4개를 놓을 수 있습니다. 이 경우 해당 라운드가 시작될 때 이 <FOOD>을 가져옵니다.",,d,occupations,https://boardgamegeek.com/geeksearch.php?action=search&objecttype=boardgameaccessory&q=agricola+Whisky+Distiller
D107,종 주조사,"매 라운드의 집에 돌아오기 단계에서, <CLAY>이 있다면 <CLAY>을 모두 버리고 <FOOD> 3개나 추가 <SCORE> 1점을 받을 수 있습니다.",,d,occupations,https://boardgamegeek.com/geeksearch.php?action=search&objecttype=boardgameaccessory&q=agricola+Bellfounder
D108,돌 조각가,"수확 때마다 1번씩, <STONE> 1개를 내고 <FOOD> 3개를 가져올 수 있습니다.",,d,occupations,https://boardgamegeek.com/geeksearch.php?action=search&objecttype=boardgameaccessory&q=agricola+Stone+Carver
D109,씨 뿌리기 명인,"이 카드를 놓을 때, 즉시 <WOOD> 1개를 가져옵니다.  곡식 활용 이나  밭 농사  행동 칸을 이용한 뒤, <FOOD> 2개를 가져옵니다.",,d,occupations,https://boardgamegeek.com/geeksearch.php?action=search&objecttype=boardgameaccessory&q=agricola+Sowing+Master
D110,양식장 어부,"낚시  누적 칸에 음식이 1/2/3개 이상 있다면,   갈대밭 / 흙 채굴장 / 숲  누적 칸에서 <FOOD> 2개를 추가로 가져옵니다.",,d,occupations,https://boardgamegeek.com/geeksearch.php?action=search&objecttype=boardgameaccessory&q=agricola+Fish+Farmer
D111,실내장식업자,집을 고칠 때마다 다음 라운드 칸 6개에 <FOOD> 1개씩을 놓습니다. 해당 라운드가 시작될 때마다 이 <FOOD>을 가져옵니다.,,d,occupations,https://boardgamegeek.com/geeksearch.php?action=search&objecttype=boardgameaccessory&q=agricola+Interior+Decorator
D112,어린 농부,"주요 설비  행동 칸을 이용할 때마다, <GRAIN> 1개를 추가로 가져온 뒤   씨 뿌리기  행동을 할 수 있습니다.",,d,occupations,https://boardgamegeek.com/geeksearch.php?action=search&objecttype=boardgameaccessory&q=agricola+Young+Farmer
D113,식자재 상인,"밭에서 수확하는 <GRAIN> 1개마다, <FOOD> 3개로 <VEGETABLE> 1개씩을 구매할 수 있습니다. 이때 밭에서 마지막으로 수확한 <GRAIN>에 대해서는 <VEGETABLE> 비용으로 <FOOD>을 2개씩만 내면 됩니다.",,d,occupations,https://boardgamegeek.com/geeksearch.php?action=search&objecttype=boardgameaccessory&q=agricola+Food+Merchant
D114,씨앗 상인,"이 카드 위에 <GRAIN> 2개와 <VEGETABLE> 2개를 놓습니다. 아무 때나, <FOOD> 2개를 내고 이 카드 위의 <GRAIN> 1개를, <FOOD> 3개를 내고 이 카드 위의 <VEGETABLE> 1개를 살 수 있습니다.",,d,occupations,https://boardgamegeek.com/geeksearch.php?action=search&objecttype=boardgameaccessory&q=agricola+Seed+Trader
D115,사료 뿌리는 사람,수확 중 번식 단계에서 가져온 새로 태어난 가축마다 밭 1개에 씨를 뿌릴 수 있습니다.,,d,occupations,https://boardgamegeek.com/geeksearch.php?action=search&objecttype=boardgameaccessory&q=agricola+Fodder+Planter
D116,나무 감독관,"이 카드는 나만 이용할 수 있는  <WOOD> 1개  누적 칸입니다. 라운드 행동 카드를 공개할 때마다, 새로 공개된 카드가  채석장  누적 칸이면 이 카드에서 <WOOD>를 모두 버립니다.",,d,occupations,https://boardgamegeek.com/geeksearch.php?action=search&objecttype=boardgameaccessory&q=agricola+Tree+Inspector
D117,나무 전문가,이 카드를 내려놓으면 즉시 <WOOD> 2개를 가져옵니다. 설비의 비용을 <WOOD> 2개까지 <FOOD>으로 대신할 수 있습니다.,,d,occupations,https://boardgamegeek.com/geeksearch.php?action=search&objecttype=boardgameaccessory&q=agricola+Wood+Expert
D118,돌대가리,"이 카드 위에 <WOOD> 6개를 놓습니다. (이 카드를 포함한) 손의 카드를 내려놓을 때마다, 이 카드에서 <WOOD> 1개를 가져옵니다.",,d,occupations,https://boardgamegeek.com/geeksearch.php?action=search&objecttype=boardgameaccessory&q=agricola+Bonehead
D119,나무 교환하는 사람,"울타리 치기 나  방 짓기  행동이 포함된 행동 칸을 이용하기 전에, <WOOD> 2개를 가져오거나 <WOOD>를 2개까지 내고 그 수만큼 <REED>를 가져올 수 있습니다.",,d,occupations,https://boardgamegeek.com/geeksearch.php?action=search&objecttype=boardgameaccessory&q=agricola+Wood+Barterer
D120,흙 나르는 사람,6~14라운드 칸에 <CLAY> 1개씩을 놓습니다. 해당 라운드가 시작될 때마다 이 <CLAY>을 가져옵니다.,,d,occupations,https://boardgamegeek.com/geeksearch.php?action=search&objecttype=boardgameaccessory&q=agricola+Clay+Deliveryman
D121,미장이,"나무집을 흙집으로 고칠 때 비용으로 <CLAY> 1개와 <REED> 1개만 냅니다. 흙집에 방을 만들 때, 방 1개당 <CLAY> 3개와 <REED> 2개만 냅니다.",,d,occupations,https://boardgamegeek.com/geeksearch.php?action=search&objecttype=boardgameaccessory&q=agricola+Clay+Plasterer
D122,#N/A,번역 결과 없음,,d,occupations,https://boardgamegeek.com/geeksearch.php?action=search&objecttype=boardgameaccessory&q=agricola+Clay+Seller
D123,재건축 준비자,새로 나무집/흙집 방을 만들 때마다 <CLAY> 2개/<STONE> 2개를 가져옵니다.,,d,occupations,https://boardgamegeek.com/geeksearch.php?action=search&objecttype=boardgameaccessory&q=agricola+Renovation+Preparer
D124,특사,"아무 때나, 이 카드 위에 물건 1개를 놓고 <STONE> 1개를 가져올 수 있습니다. 카드를 쓸 때마다 서로 다른 물건을 놓아야 합니다. (<FOOD>도 물건으로 간주합니다)",,d,occupations,https://boardgamegeek.com/geeksearch.php?action=search&objecttype=boardgameaccessory&q=agricola+Emissary
D125,숲 상인,"나무나 흙 누적 칸을 이용할 때 1번씩, <FOOD>을 내고 건축 자원 1개를 가져올 수 있습니다. <WOOD>, <CLAY>, <REED>를 가져오려면 음식 1개, <STONE>을 가져오려면 음식 2개를 내야 합니다.",,d,occupations,https://boardgamegeek.com/geeksearch.php?action=search&objecttype=boardgameaccessory&q=agricola+Forest+Trader
D126,밭 경작자,"이 카드 위에 <WOOD>, <CLAY>, <REED>, <STONE>, <REED>, <CLAY>, <WOOD>을 순서대로 쌓습니다. 밭 타일에서 수확할 때마다, 맨 위에 있는 물건 1개를 가져올 수 있습니다.",,d,occupations,https://boardgamegeek.com/geeksearch.php?action=search&objecttype=boardgameaccessory&q=agricola+Field+Cultivator
D127,근면한 사람,"이 카드는 이 카드를 놓은 사람만 이용할 수 있는 행동 칸입니다. 만약 다른 플레이어들이 모두 나보다 방을 더 많이 갖고 있다면, 이 카드의 행동 칸을 통해  날품팔이 ,  방 만들기 ,  주요 설비 짓기  행동을 전부 할 수 있습니다.",,d,occupations,https://boardgamegeek.com/geeksearch.php?action=search&objecttype=boardgameaccessory&q=agricola+Hardworking+Man
D128,건설업계 거물,"다른 플레이어가 방을 1개 이상 만들 때, 그 플레이어에게 <FOOD> 1개를 주고 자기 방 1개를 만들 수 있습니다. (방을 만드는 비용은 자기가 내야 합니다.)",,d,occupations,https://boardgamegeek.com/geeksearch.php?action=search&objecttype=boardgameaccessory&q=agricola+Building+Tycoon
D129,벌목의 거장,"수확 때마다, <WOOD>를 5개 이상 갖고 있다면 <WOOD>를 5개만 남기고 버린 뒤  외양간 짓기 나  나무집 방 만들기  행동을 할 수 있습니다.",,d,occupations,https://boardgamegeek.com/geeksearch.php?action=search&objecttype=boardgameaccessory&q=agricola+Lumber+Virtuoso
D130,취미로 하는 목수,"일하기 단계가 끝날 때,  회합 장소  행동 칸을 이용하지 않았다면 가족 말을 놓지 않고  방 짓기  행동을 할 수 있습니다.",,d,occupations,https://boardgamegeek.com/geeksearch.php?action=search&objecttype=boardgameaccessory&q=agricola+Recreational+Carpenter
D131,장인정신 홍보대사,"이 카드를 놓을 때, 즉시 <STONE> 1개를 가져옵니다.  보조 설비  행동으로도 아래쪽 가로줄의 주요 설비를 지을 수 있습니다.",,d,occupations,https://boardgamegeek.com/geeksearch.php?action=search&objecttype=boardgameaccessory&q=agricola+Craftsmanship+Promoter
D132,은둔 농부,"게임이 끝났을 때, 빈칸 1개당 <FOOD> 1개씩을 낼 수 있습니다. 음식을 낸 빈칸에 대해서는 감점을 받지 않습니다.",,d,occupations,https://boardgamegeek.com/geeksearch.php?action=search&objecttype=boardgameaccessory&q=agricola+Hide+Farmer
D133,맥주 부스 운영자,"수확 중 가족 먹여살리기 단계마다, 이 카드를 이용하여 <WOOD> 1개와 <GRAIN> 1개를 추가  <SCORE> 1점과 <FOOD> 2개로 바꿀 수 있습니다.",,d,occupations,https://boardgamegeek.com/geeksearch.php?action=search&objecttype=boardgameaccessory&q=agricola+Beer+Tent+Operator
D134,굴 먹는 사람,"누구든 (이 카드를 낸 플레이어 포함)  낚시  누적 칸을 이용할 때마다, 이 카드를 낸 플레이어는 추가 <SCORE> 1점을 받고 이번 라운드에서 다음 가족 구성원을 놓는 차례를 한 번 건너뜁니다. (이 가족 구성원은 차례를 건너뛴 뒤 다시 차례가 돌아오면 놓을 수 있습니다)",,d,occupations,https://boardgamegeek.com/geeksearch.php?action=search&objecttype=boardgameaccessory&q=agricola+Oyster+Eater
D135,정원 수석 관리인,"이 카드를 놓을 때 1/3/6/9번의 라운드가 남았다면 <WOOD> 1/2/3/4개를 가져옵니다. 점수를 계산할 때, 밭에 가장 채소가 많은 플레이어 모두가 추가 <SCORE> 2점씩을 받습니다.",,d,occupations,https://boardgamegeek.com/geeksearch.php?action=search&objecttype=boardgameaccessory&q=agricola+Gardening+Head+Official
D136,동물 운동가,"앞으로 3/6/9라운드가 남았다면 즉시 <WOOD> 2/3/4개를 가져옵니다. 점수를 계산할 때, 울타리 친 외양간이 가장 많은 플레이어 모두가 추가 <SCORE> 2점을 받습니다.",,d,occupations,https://boardgamegeek.com/geeksearch.php?action=search&objecttype=boardgameaccessory&q=agricola+Animal+Activist
D137,사업 스승,"교습  행동 칸을 이용할 때마다, 그 후에 <FOOD>을 내고 서로 다른 물건을 2개까지 가져올 수 있습니다. <GRAIN>, <STONE>, <SHEEP>, <PIG>는 음식 1개, <CATTLE>와 <VEGETABLE>는 음식 2개를 내야 합니다.",,d,occupations,https://boardgamegeek.com/geeksearch.php?action=search&objecttype=boardgameaccessory&q=agricola+Trade+Teacher
D138,애완동물 애호가,"가축 1마리만을 가져오는 누적 칸을 이용할 때, 가져올 가축을 그 행동 칸에 두고 같은 종류의 가축 1마리, <FOOD> 3개, <GRAIN> 1개를 가져올 수 있습니다.",,d,occupations,https://boardgamegeek.com/geeksearch.php?action=search&objecttype=boardgameaccessory&q=agricola+Pet+Lover
D139,회장,"다른 플레이어가  회합 장소  행동 칸을 이용할 때마다, (행동을 하기 전에) 자신과 회합 장소 행동 칸을 이용한 플레이어는 각각 <FOOD> 1개씩을 가져갑니다. 내가 사용하면 <FOOD> 1개를 가져옵니다.",,d,occupations,https://boardgamegeek.com/geeksearch.php?action=search&objecttype=boardgameaccessory&q=agricola+Chairman
D140,수다쟁이,한 누적 칸에서 건축 자원 4개 이상이나 가축 4마리 이상을 가져올 때마다 추가로 <FOOD> 1개를 가져옵니다.,,d,occupations,https://boardgamegeek.com/geeksearch.php?action=search&objecttype=boardgameaccessory&q=agricola+Loudmouth
D141,씨앗 장수,"이 카드를 내려놓으면 즉시 <GRAIN> 1개를 가져옵니다.  곡식 종자  행동 칸을 이용할 때, <GRAIN> 1개를 추가로 가져옵니다.",,d,occupations,https://boardgamegeek.com/geeksearch.php?action=search&objecttype=boardgameaccessory&q=agricola+Seed+Seller
D142,감자 심는 사람,"일하기 단계가 끝날 때,  흙 채굴장 이나  갈대밭  누적 칸 중 하나를 내가 사용했고, 다른 한 칸은 비어있다면 <VEGETABLE> 1개를 가져옵니다.",,d,occupations,https://boardgamegeek.com/geeksearch.php?action=search&objecttype=boardgameaccessory&q=agricola+Potato+Planter
D143,나무 자르는 사람,"<WOOD> 이외의 물건이 3개 이상 쌓인 누적 칸을 이용할 때마다, <WOOD> 1개를 추가로 가져옵니다. (<FOOD>도 물건으로 간주합니다)",,d,occupations,https://boardgamegeek.com/geeksearch.php?action=search&objecttype=boardgameaccessory&q=agricola+Tree+Cutter
D144,물 일꾼,"낚시 ,  갈대밭 ,  날품팔이  행동 칸이나 4라운드 행동 칸을 이용한 뒤 <REED> 1개를 추가로 가져옵니다.",,d,occupations,https://boardgamegeek.com/geeksearch.php?action=search&objecttype=boardgameaccessory&q=agricola+Water+Worker
D145,지붕 검수관,"이 카드를 놓을 때, 주요 설비가 1/2/3/4개 있다면 즉시 <REED> 2/3/4/5개를 가져옵니다.",,d,occupations,https://boardgamegeek.com/geeksearch.php?action=search&objecttype=boardgameaccessory&q=agricola+Roof+Examiner
D146,짐꾼,"1/2/3/4/5/6번째 수확의 번식 단계에서 한 번씩, 이 카드를 이용해 <FOOD> 2/2/3/3/4/1개를 내고 <STONE> 2개를 구매할 수 있습니다.",,d,occupations,https://boardgamegeek.com/geeksearch.php?action=search&objecttype=boardgameaccessory&q=agricola+Porter
D147,덫 제작자,"날품팔이  행동 칸을 이용할 때마다 다음 라운드 칸 3개에 각각 <FOOD> 1개, <FOOD> 1개, <PIG> 1마리를 놓습니다. 해당 라운드가 시작될 때마다 이 물건을 가져옵니다.",,d,occupations,https://boardgamegeek.com/geeksearch.php?action=search&objecttype=boardgameaccessory&q=agricola+Trap+Builder
D148,길들이기 전문가,수직으로 인접한 방의 경계선 사이에 양 2마리를 키울 수 있습니다.,,d,occupations,https://boardgamegeek.com/geeksearch.php?action=search&objecttype=boardgameaccessory&q=agricola+Domestician+Expert
D149,임시 노동자,"다른 플레이어가  채석장  누적 칸을 사용할 때마다,  <FOOD> 1개를 가져오거나 나무를 내지 않고 외양간 하나를 지을 수 있습니다.",,d,occupations,https://boardgamegeek.com/geeksearch.php?action=search&objecttype=boardgameaccessory&q=agricola+Casual+Worker
D150,경건한 배우자,"두 번째 가족 말을 놓아  가족 늘리기  행동을 이용할 때마다, 첫 번째로 놓았던 가족 말이  회합 장소  이외의 칸에 있다면 집으로 되돌립니다.",,d,occupations,https://boardgamegeek.com/geeksearch.php?action=search&objecttype=boardgameaccessory&q=agricola+Godly+Spouse
D151,언론 대변인,"유랑극단  누적 칸을 이용한 후에 즉시, 사용하지 않은 다른 가족 말 1개를 원하는 행동 칸에 놓고 이용할 수 있습니다. 이미 가족 말이 놓여있는 행동 칸에도 놓을 수 있습니다.",,d,occupations,https://boardgamegeek.com/geeksearch.php?action=search&objecttype=boardgameaccessory&q=agricola+Spin+Doctor
D152,후원자,"다음부터 직업을 내려놓을 때, 직업 비용을 내기 전에 <FOOD> 2개를 가져옵니다.",,d,occupations,https://boardgamegeek.com/geeksearch.php?action=search&objecttype=boardgameaccessory&q=agricola+Patron
D153,부유한 사람,"1/2/3/4/5/6번째 수확이 시작될 때, 곡식밭이 1/2/3/4/5/6개 이상 있다면 추가 <SCORE> 1점을 받습니다.",,d,occupations,https://boardgamegeek.com/geeksearch.php?action=search&objecttype=boardgameaccessory&q=agricola+Wealthy+Man
D154,굴뚝 청소부,"집을 돌집으로 고칠 때 <STONE> 2개를 적게 냅니다. 점수를 계산할 때, 돌집에 사는 다른 플레이어 수만큼 추가 <SCORE>를 받습니다.",,d,occupations,https://boardgamegeek.com/geeksearch.php?action=search&objecttype=boardgameaccessory&q=agricola+Chimney+Sweep
D155,흑단 조각가,"수확 때마다 1번씩, <WOOD> 1개를 내고 <FOOD> 1개와 <GRAIN> 1개를 가져올 수 있습니다.",,d,occupations,https://boardgamegeek.com/geeksearch.php?action=search&objecttype=boardgameaccessory&q=agricola+Ebonist
D156,소매업자,이 카드에 <GRAIN> 3개와 <FOOD> 3개를 놓습니다.  자원 시장  행동 칸을 이용할 때마다 이 카드에서 <GRAIN> 1개와 <FOOD> 1개를 가져옵니다.,,d,occupations,https://boardgamegeek.com/geeksearch.php?action=search&objecttype=boardgameaccessory&q=agricola+Retail+Dealer
D157,조직 창립자,"이 카드를 내려놓은 후에 딱 한 번, 다른 플레이어가 5번째 가족 구성원을 얻을 때, 즉시 <FOOD> 8개를 가져옵니다. 점수를 계산할 때, 가족 구성원이 5명인 플레이어가 자기뿐이라면 추가 <SCORE> 3점을 받습니다.",,d,occupations,https://boardgamegeek.com/geeksearch.php?action=search&objecttype=boardgameaccessory&q=agricola+Party+Organizer
D158,경리 담당자,1~8라운드 행동 칸을 이용할 때 이 카드에 <FOOD> 1개를 놓습니다. 이 카드에 <FOOD> 3개가 놓이면 모인 <FOOD>을 가져옵니다.,,d,occupations,https://boardgamegeek.com/geeksearch.php?action=search&objecttype=boardgameaccessory&q=agricola+Bean+Counter
D159,#N/A,번역 결과 없음,,d,occupations,https://boardgamegeek.com/geeksearch.php?action=search&objecttype=boardgameaccessory&q=agricola+Reed+Seller
D160,산파,"다른 플레이어가 라운드의 1번째 가족 구성원으로  가족 늘리기  행동을 이용할 때마다, 공동 창고에서 <GRAIN> 1개를 가져옵니다.",,d,occupations,https://boardgamegeek.com/geeksearch.php?action=search&objecttype=boardgameaccessory&q=agricola+Midwife
D161,#N/A,번역 결과 없음,,d,occupations,https://boardgamegeek.com/geeksearch.php?action=search&objecttype=boardgameaccessory&q=agricola+Cabbage+Buyer
D162,흙 굽는 사람,"이 카드를 내려놓으면 즉시 <CLAY> 2개를 가져옵니다. 아무 때나, <CLAY>을 내고 <STONE>를 가져올 수 있습니다. <CLAY> 2개를 내면 <STONE> 1개, <CLAY> 3개를 내면 <STONE> 2개를 가져옵니다.",,d,occupations,https://boardgamegeek.com/geeksearch.php?action=search&objecttype=boardgameaccessory&q=agricola+Clay+Firer
D163,숙달된 벽돌공,"이 카드를 놓을 때, 즉시 <STONE> 2개를 가져옵니다. 다른 플레이어가 집을 돌집으로 고치거나 돌집 방을 만들 때마다 <STONE> 1개를 가져옵니다.",,d,occupations,https://boardgamegeek.com/geeksearch.php?action=search&objecttype=boardgameaccessory&q=agricola+Journeyman+Bricklayer
D164,애완동물 기르는 사람,"가축 누적 칸을 이용한 후에, 집에서 키우고 있는 가축이 없다면, <SHEEP> 1마리를 추가로 가져옵니다.",,d,occupations,https://boardgamegeek.com/geeksearch.php?action=search&objecttype=boardgameaccessory&q=agricola+Pet+Grower
D165,멧돼지 사냥꾼,"갱신: 가축 누적 칸을 이용할 때마다, 해당 누적 칸 왼쪽 또는 오른쪽으로 인접한 1~14라운드 행동 칸에 내 가족 말이 놓여있다면, <PIG> 1마리를 추가로 가져옵니다.",,d,occupations,https://boardgamegeek.com/geeksearch.php?action=search&objecttype=boardgameaccessory&q=agricola+Pig+Stalker
D166,외양간 착유자,"한 차례에 최소 2개 이상의 외양간을 지을 때마다, <CATTLE> 1마리를 추가로 가져옵니다.",,d,occupations,https://boardgamegeek.com/geeksearch.php?action=search&objecttype=boardgameaccessory&q=agricola+Stable+Milker
D167,순종 사육사,"즉시 <WOOD> 1개를 가져옵니다. 수확을 하지 않는 라운드를 마칠 때마다, 가축 1종류를 골라 번식시킬 수 있습니다. (번식 단계로 간주하지 않습니다)",,d,occupations,https://boardgamegeek.com/geeksearch.php?action=search&objecttype=boardgameaccessory&q=agricola+Pure+Breeder
D168,목축업자,2/3/4번째 외양간을 지을 때 <CATTLE>/<PIG>/<SHEEP> 1마리를 가져옵니다. (한 번에 외양간을 여러 개 짓는다면 그에 맞춰 여러 마리의 가축을 한 번에 가져옵니다. 이미 지은 외양간에 대한 가축은 가져오지 않습니다.),,d,occupations,https://boardgamegeek.com/geeksearch.php?action=search&objecttype=boardgameaccessory&q=agricola+Stockman
D169,#N/A,번역 결과 없음,,d,occupations,https://boardgamegeek.com/geeksearch.php?action=search&objecttype=boardgameaccessory&q=agricola+Plowsmith
D170,#N/A,번역 결과 없음,,d,occupations,https://boardgamegeek.com/geeksearch.php?action=search&objecttype=boardgameaccessory&q=agricola+Fold+Builder
D171,#N/A,번역 결과 없음,,d,occupations,https://boardgamegeek.com/geeksearch.php?action=search&objecttype=boardgameaccessory&q=agricola+Senior+Teacher
D172,#N/A,번역 결과 없음,,d,occupations,https://boardgamegeek.com/geeksearch.php?action=search&objecttype=boardgameaccessory&q=agricola+Putcher+Maker
D173,#N/A,번역 결과 없음,,d,occupations,https://boardgamegeek.com/geeksearch.php?action=search&objecttype=boardgameaccessory&q=agricola+Town+Clerk
D174,#N/A,번역 결과 없음,,d,occupations,https://boardgamegeek.com/geeksearch.php?action=search&objecttype=boardgameaccessory&q=agricola+Loess+Gardener
D175,#N/A,번역 결과 없음,,d,occupations,https://boardgamegeek.com/geeksearch.php?action=search&objecttype=boardgameaccessory&q=agricola+Countryman
D176,#N/A,번역 결과 없음,,d,occupations,https://boardgamegeek.com/geeksearch.php?action=search&objecttype=boardgameaccessory&q=agricola+Woodshacker
D177,#N/A,번역 결과 없음,,d,occupations,https://boardgamegeek.com/geeksearch.php?action=search&objecttype=boardgameaccessory&q=agricola+Graduate
D178,#N/A,번역 결과 없음,,d,occupations,https://boardgamegeek.com/geeksearch.php?action=search&objecttype=boardgameaccessory&q=agricola+Substitute+Teacher
D179,#N/A,번역 결과 없음,,d,occupations,https://boardgamegeek.com/geeksearch.php?action=search&objecttype=boardgameaccessory&q=agricola+Bullcatcher
D180,#N/A,번역 결과 없음,,d,occupations,https://boardgamegeek.com/geeksearch.php?action=search&objecttype=boardgameaccessory&q=agricola+Part-Time+Worker
D001,갈지자형 써레,즉시 지그재그 모양이 되도록 밭 1개를 일굴 수 있습니다. (모양을 돌리거나 뒤집을 수 있습니다),,d,minorImprovements,https://boardgamegeek.com/geeksearch.php?action=search&objecttype=boardgameaccessory&q=agricola+Zigzag+Harrow
D002,주택 건축 도면,즉시  집 고치기  행동을 할 수 있습니다.,,d,minorImprovements,https://boardgamegeek.com/geeksearch.php?action=search&objecttype=boardgameaccessory&q=agricola+Dwelling+Plan
D003,이랑,즉시 밭 1개에 씨를 뿌릴 수 있습니다.,,d,minorImprovements,https://boardgamegeek.com/geeksearch.php?action=search&objecttype=boardgameaccessory&q=agricola+Furrows
D004,가로로 잘린 나무,즉시 개인 창고에 있는 <STONE>마다 <나무> 1개씩을 가져옵니다.,,d,minorImprovements,https://boardgamegeek.com/geeksearch.php?action=search&objecttype=boardgameaccessory&q=agricola+Cross-Cut+Wood
D005,밭 점토,작물을 심은 밭의 수만큼 즉시 <CLAY>을 가져옵니다.,,d,minorImprovements,https://boardgamegeek.com/geeksearch.php?action=search&objecttype=boardgameaccessory&q=agricola+Field+Clay
D006,나무 화석,즉시 <나무>를 3개까지 내고 그 수만큼 <STONE>을 가져올 수 있습니다.,,d,minorImprovements,https://boardgamegeek.com/geeksearch.php?action=search&objecttype=boardgameaccessory&q=agricola+Petrified+Wood
D007,삼지창,"이 카드를 3/6/9/12라운드에 내려놓았다면, 즉시 <FOOD> 3/4/5/6개를 가져옵니다.",,d,minorImprovements,https://boardgamegeek.com/geeksearch.php?action=search&objecttype=boardgameaccessory&q=agricola+Trident
D008,고사리 종자,<FOOD> 2개와 <GRAIN> 1개를 가져옵니다. 가져온 곡식으로 즉시 빈 밭에 씨를 뿌려야 합니다.,,d,minorImprovements,https://boardgamegeek.com/geeksearch.php?action=search&objecttype=boardgameaccessory&q=agricola+Fern+Seeds
D009,동물 거래,"즉시 <PIG> 1마리와 <CATTLE> 1마리를 가져옵니다. (실질적으로, <SHEEP> 2마리를 <PIG> 1마리와 <CATTLE> 1마리로 바꿉니다.)",,d,minorImprovements,https://boardgamegeek.com/geeksearch.php?action=search&objecttype=boardgameaccessory&q=agricola+Game+Trade
D010,황새 둥지,"매 라운드의 집에 돌아오기 단계에서, 사람보다 방이 많다면 <FOOD> 1개를 내고  가족 늘리기  행동을 할 수 있습니다.",,d,minorImprovements,https://boardgamegeek.com/geeksearch.php?action=search&objecttype=boardgameaccessory&q=agricola+Stork's+Nest
D011,잔디 비료,"1칸짜리 우리에서, 한 종류의 가축 3마리까지를 키울 수 있습니다. (외양간이 있으면 한 종류의 가축 6마리까지를 키울 수 있습니다)",,d,minorImprovements,https://boardgamegeek.com/geeksearch.php?action=search&objecttype=boardgameaccessory&q=agricola+Lawn+Fertilzer
D012,착유소,"수확 중 가족 먹여살리기 단계마다 1번씩, <FOOD> 1개를 가져옵니다. 더 이상 다른 카드 능력을 포함한 어떤 방법으로도 집에 가축을 놓을 수 없습니다.",,d,minorImprovements,https://boardgamegeek.com/geeksearch.php?action=search&objecttype=boardgameaccessory&q=agricola+Milking+Place
D013,흙손,"아무 때나, 집을 돌집으로 고칠 수 있습니다. 나무집을 돌집으로 고칠 때는 방마다 <STONE> 1개, <REED> 1개, <FOOD> 1개를 냅니다. 흙집을 돌집으로 고칠 때는 방마다 <STONE> 1개를 냅니다.",,d,minorImprovements,https://boardgamegeek.com/geeksearch.php?action=search&objecttype=boardgameaccessory&q=agricola+Trowel
D014,분쇄 망치,"돌집으로 집을 고치기 직전에, <CLAY> 2개와 <REED> 1개를 가져오고  방 만들기  행동을 할 수 있습니다.",,d,minorImprovements,https://boardgamegeek.com/geeksearch.php?action=search&objecttype=boardgameaccessory&q=agricola+Hammer+Crusher
D015,흙집 골조,"흙집 방을 만들 때 <CLAY> 5개와 <REED> 2개 대신 <CLAY> 2개, <나무> 1개, <REED> 1개를 낼 수 있습니다.",,d,minorImprovements,https://boardgamegeek.com/geeksearch.php?action=search&objecttype=boardgameaccessory&q=agricola+Clay+Supports
D016,목재 유장 양동이,"양 시장 / 소 시장  누적 칸을 이용하기 전에, <나무> 1개로/비용을 내지 않고 외양간 1개를 지을 수 있습니다.",,d,minorImprovements,https://boardgamegeek.com/geeksearch.php?action=search&objecttype=boardgameaccessory&q=agricola+Wooden+Whey+Bucket
D017,파종용 써레,"조건 없는  씨 뿌리기  행동을 할 때마다 그 전에, <FOOD> 3개를 내고 밭 1개를 일굴 수 있습니다.",,d,minorImprovements,https://boardgamegeek.com/geeksearch.php?action=search&objecttype=boardgameaccessory&q=agricola+Drill+Harrow
D018,증기력 쟁기,매 라운드 집에 돌아오기 단계 직후에 <나무> 2개와 <FOOD> 1개를 내면 가족 말을 놓지 않고  농지  행동 칸을 이용할 수 있습니다.,,d,minorImprovements,https://boardgamegeek.com/geeksearch.php?action=search&objecttype=boardgameaccessory&q=agricola+Steam+Plow
D019,분쇄용 쟁기,"흙 누적 칸을 이용할 때마다 그 후에, 즉시 <CLAY> 1개를 내고 밭 1개를 일굴 수 있습니다. 그렇게 한다면, 이렇게 낸 <CLAY>은 누적 칸에 놓습니다.",,d,minorImprovements,https://boardgamegeek.com/geeksearch.php?action=search&objecttype=boardgameaccessory&q=agricola+Pulverizer+Plow
D020,양날쟁기,"이 카드 위에 밭 타일 2개를 놓습니다.  농지 나  밭 농사  행동 칸을 이용할 때, 이 카드의 밭 2개를 일굴 수 있습니다.",,d,minorImprovements,https://boardgamegeek.com/geeksearch.php?action=search&objecttype=boardgameaccessory&q=agricola+Turnwrest+Plow
D021,모집,"5라운드부터, 집에 빈 방이 있다면  보조 설비  행동을 할 때 대신  가족 늘리기  행동을 할 수 있습니다.",,d,minorImprovements,https://boardgamegeek.com/geeksearch.php?action=search&objecttype=boardgameaccessory&q=agricola+Recruitment
D022,취업 허가,"현재 라운드에 내가 갖고 있는 건축 자원 개수만큼을 더한 라운드 칸에, 개인 창고에서 가족 말 1개를 가져와 놓습니다. 해당 라운드에 그 가족 말을 사용할 수 있습니다.",,d,minorImprovements,https://boardgamegeek.com/geeksearch.php?action=search&objecttype=boardgameaccessory&q=agricola+Work+Permit
D023,개척 정신,"이 카드는 이 카드를 놓은 사람만 이용할 수 있는 행동 칸입니다. 3~5라운드에서는  집 고치기  행동을 할 수 있습니다. 6~8라운드에서는 <VEGETABLE> 1개, <PIG> 1마리, <CATTLE> 1마리 중 하나를 골라 가져올 수 있습니다.",,d,minorImprovements,https://boardgamegeek.com/geeksearch.php?action=search&objecttype=boardgameaccessory&q=agricola+Pioneering+Spirit
D024,형제의 우애,"가족 구성원이 정확히 4명이라면, 일하기 단계가 시작할 때 3번째 가족 구성원을 놓은 뒤 즉시 4번째 가족 구성원을 놓을 수 있습니다. 서로 같은 행동 칸에 놓아도 됩니다.",,d,minorImprovements,https://boardgamegeek.com/geeksearch.php?action=search&objecttype=boardgameaccessory&q=agricola+Brotherly+Love
D025,#N/A,번역 결과 없음,,d,minorImprovements,https://boardgamegeek.com/geeksearch.php?action=search&objecttype=boardgameaccessory&q=agricola+Witches'+Dance+Floor
D026,목수의 마당,가구 제작소 나  우물  주요 설비를  보조 설비  행동으로 지을 수 있습니다. 또는 한 번의  주요 설비  행동으로  가구 제작소 와  우물 을 둘 다 지을 수 있습니다.,,d,minorImprovements,https://boardgamegeek.com/geeksearch.php?action=search&objecttype=boardgameaccessory&q=agricola+Carpenter's+Yard
D027,재훈련,"집을 고친 차례를 마칠 때마다,  가구 제작소 를  그릇 제작소 로 바꾸거나  그릇 제작소 를  바구니 제작소 로 바꿀 수 있습니다.",,d,minorImprovements,https://boardgamegeek.com/geeksearch.php?action=search&objecttype=boardgameaccessory&q=agricola+Retraining
D028,책상,"교습  행동 칸을 이용할 때, <FOOD> 2개를 내고 직업 1개를 더 내려놓을 수 있습니다.",,d,minorImprovements,https://boardgamegeek.com/geeksearch.php?action=search&objecttype=boardgameaccessory&q=agricola+Writing+Desk
D029,퇴비용 갈퀴,"점수를 계산할 때, 정확히 <SHEEP> 1마리, <PIG> 1마리, 또는 <CATTLE> 1마리만 있고 울타리를 치지 않은 외양간마다 추가 <SCORE> 1점을 받습니다.",,d,minorImprovements,https://boardgamegeek.com/geeksearch.php?action=search&objecttype=boardgameaccessory&q=agricola+Muck+Rake
D030,장인 구역,"점수를 계산할 때, 가지고 있는 주요 설비 중 주요 설비판의 아랫줄에서 가져온 주요 설비가 3/4/5개라면 추가 <SCORE> 2/5/8점을 받습니다.",,d,minorImprovements,https://boardgamegeek.com/geeksearch.php?action=search&objecttype=boardgameaccessory&q=agricola+Artisan+District
D031,저장고,"점수를 계산할 때, <GRAIN> 1개와 <VEGETABLE> 1개 묶음마다 추가 <SCORE> 0.5점을 받습니다. 남은 작물과 밭에 있는 작물을 모두 계산하며, 소수점은 올림합니다.",,d,minorImprovements,https://boardgamegeek.com/geeksearch.php?action=search&objecttype=boardgameaccessory&q=agricola+Storeroom
D032,나무 갈퀴,"점수를 계산할 때, 마지막 수확을 하기 전에 밭에 물건이 7개 이상 있었다면 추가 <SCORE> 2점을 받습니다.",,d,minorImprovements,https://boardgamegeek.com/geeksearch.php?action=search&objecttype=boardgameaccessory&q=agricola+Wood+Rake
D033,여름 별장,"점수를 계산할 때, 돌집에 살고 있다면, 집에 인접한 빈칸 1개마다 추가 <SCORE> 2점씩을 받습니다. (빈칸으로 인한 감점은 여전히 받습니다)",,d,minorImprovements,https://boardgamegeek.com/geeksearch.php?action=search&objecttype=boardgameaccessory&q=agricola+Summer+House
D034,호화로운 숙박시설,"점수를 계산할 때, 가족 구성원보다 돌집 방이 더 많다면 추가 <SCORE> 4점을 받습니다. 카드 1장에서만 돌집으로 추가점수를 받을 수 있습니다.",,d,minorImprovements,https://boardgamegeek.com/geeksearch.php?action=search&objecttype=boardgameaccessory&q=agricola+Luxurious+Hostel
D035,사료실,"1/2/3/4인 이상 게임에서 점수를 계산할 때, 내 농장의 7/5/4/3번째 가축마다 추가 <SCORE> 1점을 받습니다.",,d,minorImprovements,https://boardgamegeek.com/geeksearch.php?action=search&objecttype=boardgameaccessory&q=agricola+Fodder+Chamber
D036,혈통 기록서,"게임 도중에, 번식을 제외한 방법으로 <SHEEP>을 최대 2마리까지만 얻었고, 양을 한 마리도 음식으로 바꾸지 않았다면, 점수를 계산할 때 추가 <SCORE> 3점을 받습니다.",,d,minorImprovements,https://boardgamegeek.com/geeksearch.php?action=search&objecttype=boardgameaccessory&q=agricola+Breed+Registry
D037,조각상,"수확을 하지 않는 라운드를 마칠 때 1번씩, <나무> 1개를 내고 <FOOD> 2개를 가져오거나 <STONE> 1개를 내고 <FOOD> 4개를 가져올 수 있습니다.",,d,minorImprovements,https://boardgamegeek.com/geeksearch.php?action=search&objecttype=boardgameaccessory&q=agricola+Sculpture
D038,젖짜기 의자,"수확 중 농장 단계에서, <CATTLE>를 1/3/5마리 이상 갖고 있다면 <FOOD> 1/2/3개를 가져옵니다. 점수를 계산할 때, <CATTLE> 2마리당 추가 <SCORE> 1점씩을 받습니다.",,d,minorImprovements,https://boardgamegeek.com/geeksearch.php?action=search&objecttype=boardgameaccessory&q=agricola+Milking+Stool
D039,트러플 슬라이서,"나무 누적 칸을 이용할 때, <PIG>가 있다면 <FOOD> 1개를 내고 추가 <SCORE> 1점을 받을 수 있습니다.",,d,minorImprovements,https://boardgamegeek.com/geeksearch.php?action=search&objecttype=boardgameaccessory&q=agricola+Truffle+Slicer
D040,오물 구덩이,남은 모든 라운드 칸에 <CLAY> 부터 시작하여 <CLAY> 1개와 <PIG> 1마리를 번갈아 놓습니다. 해당 라운드가 시작될 때마다 이 물건을 가져옵니다.,,d,minorImprovements,https://boardgamegeek.com/geeksearch.php?action=search&objecttype=boardgameaccessory&q=agricola+Cesspit
D041,말이 끄는 보트,남은 모든 라운드 칸에 <FOOD>부터 시작하여  <FOOD> 1개와 <SHEEP> 1마리를 교대로 놓습니다. 해당 라운드가 시작될 때마다 이 물건을 가져옵니다.,,d,minorImprovements,https://boardgamegeek.com/geeksearch.php?action=search&objecttype=boardgameaccessory&q=agricola+Horse-Drawn+Boat
D042,교육 수당,1/2/3/4/5/6번째 직업을 내려놓을 때 즉시 <GRAIN>/<CLAY>/<REED>/<STONE>/<VEGETABLE>/<FIELD> 1개를 가져옵니다 (이미 내려놓은 직업에 대한 혜택은 받지 않습니다).,,d,minorImprovements,https://boardgamegeek.com/geeksearch.php?action=search&objecttype=boardgameaccessory&q=agricola+Education+Bonus
D043,작은 우리,다음 라운드 칸 4개에 <FOOD> 0/1/2/3개를 놓습니다. 해당 라운드가 시작될 때마다 이 <FOOD>을 가져옵니다.,,d,minorImprovements,https://boardgamegeek.com/geeksearch.php?action=search&objecttype=boardgameaccessory&q=agricola+Hutch
D044,숲의 우물,갖고 있는 <나무> 수까지의 남은 라운드 칸에 <FOOD> 1개씩을 놓습니다. 해당 라운드가 시작될 때마다 이 <FOOD>을 가져옵니다.,,d,minorImprovements,https://boardgamegeek.com/geeksearch.php?action=search&objecttype=boardgameaccessory&q=agricola+Forest+Well
D045,양의 우물,<SHEEP>의 수까지의 다음 라운드 칸에 <FOOD> 1개씩을 놓습니다. 해당 라운드가 시작될 때마다 이 <FOOD>을 가져옵니다.,,d,minorImprovements,https://boardgamegeek.com/geeksearch.php?action=search&objecttype=boardgameaccessory&q=agricola+Sheep+Well
D046,펠릿 압축기,"라운드당 1번, <REED> 1개를 내고 다음 라운드 칸 4개에 <FOOD> 1개씩을 놓을 수 있습니다. 해당 라운드가 시작될 때마다 이 <FOOD>을 가져옵니다.",,d,minorImprovements,https://boardgamegeek.com/geeksearch.php?action=search&objecttype=boardgameaccessory&q=agricola+Pellet+Press
D047,교회 묘지,남은 모든 라운드 칸에 <FOOD> 2개씩을 놓습니다. 해당 라운드가 시작될 때마다 이 <FOOD>을 가져옵니다. (*카드는 직업과 설비를 의미합니다),,d,minorImprovements,https://boardgamegeek.com/geeksearch.php?action=search&objecttype=boardgameaccessory&q=agricola+Churchyard
D048,도시 세트장,"매 라운드를 시작하기 전,  손에 설비보다 직업이 많다면 <FOOD> 1개를 가져옵니다.",,d,minorImprovements,https://boardgamegeek.com/geeksearch.php?action=search&objecttype=boardgameaccessory&q=agricola+Civic+Facade
D049,책장,"직업을 내려놓을 때, 직업 비용을 내기 전에 <FOOD> 3개를 가져옵니다.",,d,minorImprovements,https://boardgamegeek.com/geeksearch.php?action=search&objecttype=boardgameaccessory&q=agricola+Bookshelf
D050,외부 원조,이 카드를 내려놓으면 즉시 <FOOD> 6개를 가져옵니다. 앞으로 12~14라운드 행동 칸을 이용할 수 없습니다.,,d,minorImprovements,https://boardgamegeek.com/geeksearch.php?action=search&objecttype=boardgameaccessory&q=agricola+Foreign+Aid
D051,아치형 입구,"이 카드는 아무나 이용할 수 있는 행동 칸입니다. 이 카드를 이용하는 플레이어는 즉시 <FOOD> 1개를 가져옵니다. 집에 돌아오기 단계 직전에, 해당 플레이어는 이 카드에 놓인 가족 말을 빈 행동 칸으로 옮기고 그 행동 칸을 이용할 수 있습니다.",,d,minorImprovements,https://boardgamegeek.com/geeksearch.php?action=search&objecttype=boardgameaccessory&q=agricola+Archway
D052,밀방망이,"매 라운드의 집에 돌아오기 단계에서, <나무>보다 <CLAY>이 더 많으면 <FOOD> 1개를 가져옵니다.",,d,minorImprovements,https://boardgamegeek.com/geeksearch.php?action=search&objecttype=boardgameaccessory&q=agricola+Rolling+Pin
D053,찻집,"라운드당 1번, 두 번째 가족 말을 놓는 대신 <FOOD> 1개를 가져올 수 있습니다 (놓지 않은 가족 말은 이번 라운드의 다음 차례에 다시 놓을 수 있습니다).",,d,minorImprovements,https://boardgamegeek.com/geeksearch.php?action=search&objecttype=boardgameaccessory&q=agricola+Tea+House
D054,송어 연못,"일하기 단계가 시작될 때마다,  낚시  누적 칸의 <FOOD>이 3개 이상이라면 공동 창고에서 <FOOD> 1개를 가져옵니다.",,d,minorImprovements,https://boardgamegeek.com/geeksearch.php?action=search&objecttype=boardgameaccessory&q=agricola+Trout+Pool
D055,새로운 상점가,"8~11라운드 행동 칸을 이용할 때마다, <FOOD> 1개를 추가로 가져옵니다.",,d,minorImprovements,https://boardgamegeek.com/geeksearch.php?action=search&objecttype=boardgameaccessory&q=agricola+New+Market
D056,도축용 갈고리,"화로 계열 설비를 이용하여 <SHEEP>이나 <PIG>를 <FOOD>으로 바꿀 때마다, <FOOD> 1개를 추가로 가져옵니다.",,d,minorImprovements,https://boardgamegeek.com/geeksearch.php?action=search&objecttype=boardgameaccessory&q=agricola+Fatstock+Stretcher
D057,도매시장,남은 모든 라운드 칸에 <FOOD> 1개씩을 놓습니다. 해당 라운드가 시작될 때마다 이 <FOOD>을 가져옵니다.,,d,minorImprovements,https://boardgamegeek.com/geeksearch.php?action=search&objecttype=boardgameaccessory&q=agricola+Wholesale+Market
D058,모래 뿌리는 사람,"밭에 채소를 심는 행동을 마칠 때마다, (새로 채소를 심은 채소밭을 포함한) 내 채소밭 수만큼 <FOOD>을 가져옵니다.",,d,minorImprovements,https://boardgamegeek.com/geeksearch.php?action=search&objecttype=boardgameaccessory&q=agricola+Gritter
D059,땅속 가마,[ 빵 굽기  행동:],,d,minorImprovements,https://boardgamegeek.com/geeksearch.php?action=search&objecttype=boardgameaccessory&q=agricola+Earth+Oven
D060,큰 그릇,그릇 제작소 되돌리기,,d,minorImprovements,https://boardgamegeek.com/geeksearch.php?action=search&objecttype=boardgameaccessory&q=agricola+Large+Pottery
D061,짚더미,"수확 단계가 시작될 때마다, (곡식을 심은 밭 카드를 포함한) 곡식밭이 3개 이상이라면 <FOOD> 2개를 가져옵니다.",,d,minorImprovements,https://boardgamegeek.com/geeksearch.php?action=search&objecttype=boardgameaccessory&q=agricola+Bale+of+Straw
D062,맥주 잠금 꼭지,"이 카드를 놓을 때, 즉시 <FOOD> 2개를 가져옵니다. 수확 중 가족 먹여살리기 단계마다 1번씩, <GRAIN> 2/3/4개를 내고 <FOOD> 3/6/9개를 가져올 수 있습니다.",,d,minorImprovements,https://boardgamegeek.com/geeksearch.php?action=search&objecttype=boardgameaccessory&q=agricola+Beer+Tap
D063,구릉 경작지,"매 수확의 농장 단계에서, 집에 인접하고, 이번에 작물을 수확한 밭 타일 1개마다 <FOOD> 1개씩을 가져옵니다.",,d,minorImprovements,https://boardgamegeek.com/geeksearch.php?action=search&objecttype=boardgameaccessory&q=agricola+Lynchet
D064,제빵 수업,"수확을 하지 않는 라운드가 끝날 때마다,  빵 굽기  행동을 할 수 있습니다.",,d,minorImprovements,https://boardgamegeek.com/geeksearch.php?action=search&objecttype=boardgameaccessory&q=agricola+Baking+Course
D065,곡식용 체,"수확 중 농장 단계마다, <GRAIN>을 2개 이상 수확하면 공동 창고에서 <GRAIN> 1개를 가져옵니다.",,d,minorImprovements,https://boardgamegeek.com/geeksearch.php?action=search&objecttype=boardgameaccessory&q=agricola+Grain+Sieve
D066,도기,"빵 굽기  행동을 하기 전에, <CLAY> 1개를 내고 <GRAIN> 1개를 가져올 수 있습니다.",,d,minorImprovements,https://boardgamegeek.com/geeksearch.php?action=search&objecttype=boardgameaccessory&q=agricola+Potter+Ceramics
D067,추수용 낫,"4, 7, 9, 11, 13, 14라운드 칸 중 다음 라운드 칸 3개에 <GRAIN> 1개씩을 놓습니다. 해당 라운드가 시작될 때마다 이 <GRAIN>을 가져옵니다.",,d,minorImprovements,https://boardgamegeek.com/geeksearch.php?action=search&objecttype=boardgameaccessory&q=agricola+Reap+Hook
D068,작은 바구니,"갈대밭  누적 칸을 이용한 뒤, <REED> 1개를 내고 <VEGETABLE> 1개를 가져올 수 있습니다. 플레이어가 4명 이상일 때는 낸 <REED>를 갈대밭 누적 칸에 놓습니다.",,d,minorImprovements,https://boardgamegeek.com/geeksearch.php?action=search&objecttype=boardgameaccessory&q=agricola+Small+Basket
D069,소형 온실,"현재 라운드에 4, 7을 더한 라운드 칸에 <VEGETABLE> 1개씩을 놓습니다. 해당 라운드가 시작될 때마다 <FOOD> 1개를 내고 이 <VEGETABLE>를 살 수 있습니다.",,d,minorImprovements,https://boardgamegeek.com/geeksearch.php?action=search&objecttype=boardgameaccessory&q=agricola+Small+Greenhouse
D070,#N/A,"매 수확마다 농장 단계 직전에, 개인 창고의 <GRAIN> 1개를 내고, 최대 2곳까지의 채소밭에 각각 <VEGETABLE> 1개씩을 더할 수 있습니다.",,d,minorImprovements,https://boardgamegeek.com/geeksearch.php?action=search&objecttype=boardgameaccessory&q=agricola+Straw+Manure
D071,돌려짓기,"아무 때나, 수확으로 인해 물건이 딱 1개만 남아있는 밭이 있으면, 그 물건을 버리고 즉시 그 밭에  씨 뿌리기  행동을 할 수 있습니다.",,d,minorImprovements,https://boardgamegeek.com/geeksearch.php?action=search&objecttype=boardgameaccessory&q=agricola+Changeover
D072,외양간 거름,"매 수확의 농장 단계에서, 울타리가 없는 외양간 개수만큼의 밭에서 물건 1개씩을 추가로 수확할 수 있습니다.",,d,minorImprovements,https://boardgamegeek.com/geeksearch.php?action=search&objecttype=boardgameaccessory&q=agricola+Stable+Manure
D073,보급선,"낚시  누적 칸을 이용한 뒤, <FOOD> 1개를 내고 <GRAIN> 1개, 또는 <FOOD> 3개를 내고 <VEGETABLE> 1개를 살 수 있습니다.",,d,minorImprovements,https://boardgamegeek.com/geeksearch.php?action=search&objecttype=boardgameaccessory&q=agricola+Supply+Boat
D074,왕실의 목재,"농장 확장  행동 칸을 이용하거나 설비를 짓거나 내려놓으면, 그 차례가 끝날 때 해당 행동에 사용한 <나무> 2개당 <나무> 1개를 다시 가져옵니다 (소수점 버림).",,d,minorImprovements,https://boardgamegeek.com/geeksearch.php?action=search&objecttype=boardgameaccessory&q=agricola+Royal+Wood
D075,나무밭,"밭 2개처럼 이 카드에 <나무>를 심을 수 있지만, 이 카드는 밭 1개로 취급합니다. 이 카드에는 <GRAIN>처럼 <나무>를 심고 수확합니다.",,d,minorImprovements,https://boardgamegeek.com/geeksearch.php?action=search&objecttype=boardgameaccessory&q=agricola+Wood+Field
D076,사회적 혜택,"매 수확 중 가족 먹여살리기 단계 직후에, 갖고 있는 <FOOD>이 없다면 <나무> 1개와 <CLAY> 1개를 가져옵니다.",,d,minorImprovements,https://boardgamegeek.com/geeksearch.php?action=search&objecttype=boardgameaccessory&q=agricola+Social+Benefits
D077,재활용 벽돌,"아무 플레이어(이 카드를 낸 플레이어 포함)가 집을 돌로 고칠 때, 고친 방마다 <CLAY> 1개씩을 가져옵니다.",,d,minorImprovements,https://boardgamegeek.com/geeksearch.php?action=search&objecttype=boardgameaccessory&q=agricola+Recycled+Brick
D078,갈대 연못,다음 라운드 칸 3개에 <REED> 1개씩을 놓습니다. 해당 라운드가 시작될 때마다 이 <REED>를 가져옵니다.,,d,minorImprovements,https://boardgamegeek.com/geeksearch.php?action=search&objecttype=boardgameaccessory&q=agricola+Reed+Pond
D079,당근 박물관,"8, 10, 12라운드가 끝날 때, 채소밭마다 <STONE> 1개씩을, 개인 창고에 있는 <VEGETABLE>마다 <나무> 1개씩을 가져옵니다.",,d,minorImprovements,https://boardgamegeek.com/geeksearch.php?action=search&objecttype=boardgameaccessory&q=agricola+Carrot+Museum
D080,벽돌 망치,비용이 <CLAY> 2개 이상인 설비를 내려놓을 때마다 <STONE> 1개를 가져옵니다.,,d,minorImprovements,https://boardgamegeek.com/geeksearch.php?action=search&objecttype=boardgameaccessory&q=agricola+Brick+Hammer
D081,지붕 사다리,집을 고칠 때 <REED>를 1개 적게 냅니다. 집 고치기 행동을 마칠 때 <STONE> 1개를 가져옵니다.,,d,minorImprovements,https://boardgamegeek.com/geeksearch.php?action=search&objecttype=boardgameaccessory&q=agricola+Roof+Ladder
D082,수렵 기념물,집 개조 로 설비를 놓을 때 건축 자원 1개를 적게 냅니다.  농장 개조 로 울타리를 칠 때 <나무> 3개를 적게 냅니다.,,d,minorImprovements,https://boardgamegeek.com/geeksearch.php?action=search&objecttype=boardgameaccessory&q=agricola+Hunting+Trophy
D083,꿀꿀이죽,"울타리  행동 칸을 이용할 때마다, <PIG> 1마리를 가져옵니다.",,d,minorImprovements,https://boardgamegeek.com/geeksearch.php?action=search&objecttype=boardgameaccessory&q=agricola+Pigswill
D084,사료,"이 카드를 놓을 때, 즉시 <SHEEP> 1마리를 가져옵니다. 수확 중 가족 먹여살리기 단계마다 1번씩, <VEGETABLE> 1개를 내고 키우고 있는 종류의 가축 1마리를 가져올 수 있습니다.",,d,minorImprovements,https://boardgamegeek.com/geeksearch.php?action=search&objecttype=boardgameaccessory&q=agricola+Feed+Pellets
